company,url,location
ARCH LATAM,https://mx.computrabajo.com/pae---,"Iztacalco, Ciudad de México DF"
ELITE SQUAD,https://mx.computrabajo.com/empresas/ofertas-de-trabajo-de-elite-squad-2C89CE74492E31C9,"Cuauhtémoc, Ciudad de México DF"
Price Shoes México,https://mx.computrabajo.com/empresas/ofertas-de-trabajo-de-price-shoes-mexico-E83324889B9315A5,4.0
Medidores Industriales y Médicos,https://mx.computrabajo.com/empresas/ofertas-de-trabajo-de-medidores-industriales-y-medicos-25064B1CE4D96833,3.9
RESTAURANTES AL/CA,https://mx.computrabajo.com/restaurantes-alca,"Iztacalco, Ciudad de México DF"
Diseño Maquila y Ensambles  S.A DE C.V.,https://mx.computrabajo.com/empresas/ofertas-de-trabajo-de-diseno-maquila-y-ensambles-sa-de-cv-142CED0B7DD874A3,3.9
Corporativo Kosmos,https://mx.computrabajo.com/empresas/ofertas-de-trabajo-de-corporativo-kosmos-058CEAE21466B8DA,3.7
Corporativo Kosmos,https://mx.computrabajo.com/empresas/ofertas-de-trabajo-de-corporativo-kosmos-058CEAE21466B8DA,3.7
Corporativo DL,https://mx.computrabajo.com/empresas/ofertas-de-trabajo-de-corporativo-dl-8DFC91B709101AE8,4.0
Pauta Creativa,https://mx.computrabajo.com/empresas/ofertas-de-trabajo-de-pauta-creativa-D608F2A10F15CC44,4.3
